Percent_Difference_Uncleaned_book2,Percent_Difference_cleaned_book2,Percent_Difference_Advanced_book2
0.7361530715005036,0.7942238267148014,0.9854117647058823
0.3290701693743519,0.201338199513382,0.5296377607025247
0.013714285714285714,0.21071991592222805,0.993118756936737
0.1492748496639547,0.20535411724839037,0.9964539007092199
0.12488053520229372,0.27851941747572817,0.9990444338270426
