Percent_Difference_Uncleaned,Percent_Difference_cleaned,Percent_Difference_Advanced
0.7982569399612653,0.8619124797406807,0.9972549652833844
0.5603166408535536,0.5578928760827294,0.922971114167813
0.6383816684568564,0.6474405191059841,0.9516983483951387
0.7209621993127148,0.6162894314738906,0.9446254071661238
0.7078464106844741,0.6991959064327485,0.6506666666666666
